timestamp,source_ip,target_ip,port,path,status_code,username,login_success
2026-07-08T10:00:00,192.168.1.20,10.0.0.5,21,/index,200,,
2026-07-08T10:00:05,192.168.1.20,10.0.0.5,22,/index,200,,
2026-07-08T10:00:10,192.168.1.20,10.0.0.5,23,/index,200,,
2026-07-08T10:00:15,192.168.1.20,10.0.0.5,80,/index,200,,
2026-07-08T10:00:20,192.168.1.20,10.0.0.5,443,/index,200,,
2026-07-08T10:01:00,172.16.0.8,10.0.0.10,22,/login,401,admin,false
2026-07-08T10:01:10,172.16.0.8,10.0.0.10,22,/login,401,admin,false
2026-07-08T10:01:20,172.16.0.8,10.0.0.10,22,/login,401,admin,false
2026-07-08T10:01:30,172.16.0.8,10.0.0.10,22,/login,401,admin,false
2026-07-08T10:01:40,172.16.0.8,10.0.0.10,22,/login,401,admin,false
2026-07-08T10:02:00,203.0.113.9,10.0.0.20,80,/.env,404,,
2026-07-08T10:02:05,203.0.113.9,10.0.0.20,80,/phpmyadmin,404,,
2026-07-08T10:02:10,203.0.113.9,10.0.0.20,80,/admin,404,,
2026-07-08T10:02:15,203.0.113.9,10.0.0.20,80,/wp-admin,404,,
2026-07-08T10:02:20,203.0.113.9,10.0.0.20,80,/missing,404,,
2026-07-08T10:02:25,203.0.113.9,10.0.0.20,80,/missing2,404,,
2026-07-08T10:02:30,203.0.113.9,10.0.0.20,80,/missing3,404,,
2026-07-08T10:02:35,203.0.113.9,10.0.0.20,80,/missing4,404,,
2026-07-08T10:02:40,203.0.113.9,10.0.0.20,80,/missing5,404,,
2026-07-08T10:03:00,198.51.100.2,10.0.0.30,80,/home,200,,
2026-07-08T10:03:02,198.51.100.2,10.0.0.30,80,/home,200,,
2026-07-08T10:03:04,198.51.100.2,10.0.0.30,80,/home,200,,
2026-07-08T10:03:06,198.51.100.2,10.0.0.30,80,/home,200,,
2026-07-08T10:03:08,198.51.100.2,10.0.0.30,80,/home,200,,
2026-07-08T10:03:10,198.51.100.2,10.0.0.30,80,/home,200,,
2026-07-08T10:03:12,198.51.100.2,10.0.0.30,80,/home,200,,
2026-07-08T10:03:14,198.51.100.2,10.0.0.30,80,/home,200,,
2026-07-08T10:03:16,198.51.100.2,10.0.0.30,80,/home,200,,
2026-07-08T10:03:18,198.51.100.2,10.0.0.30,80,/home,200,,
2026-07-08T10:03:20,198.51.100.2,10.0.0.30,80,/home,200,,
2026-07-08T10:03:22,198.51.100.2,10.0.0.30,80,/home,200,,
2026-07-08T10:03:24,198.51.100.2,10.0.0.30,80,/home,200,,
2026-07-08T10:03:26,198.51.100.2,10.0.0.30,80,/home,200,,
2026-07-08T10:03:28,198.51.100.2,10.0.0.30,80,/home,200,,
2026-07-08T10:03:30,198.51.100.2,10.0.0.30,80,/home,200,,
2026-07-08T10:03:32,198.51.100.2,10.0.0.30,80,/home,200,,
2026-07-08T10:03:34,198.51.100.2,10.0.0.30,80,/home,200,,
2026-07-08T10:03:36,198.51.100.2,10.0.0.30,80,/home,200,,
2026-07-08T10:03:38,198.51.100.2,10.0.0.30,80,/home,200,,
